symbol,company_name,current_price,count_last_30_days,2026-08-21,2026-08-22,2026-08-23,2026-08-24,2026-08-25,2026-08-26,2026-08-27,2026-08-28,2026-08-29,2026-08-30,2026-08-31,2026-09-01,2026-09-02,2026-09-03,2026-09-04,2026-09-05,2026-09-06,2026-09-07,2026-09-08,2026-09-09,2026-09-10,2026-09-11,2026-09-12,2026-09-13,2026-09-14,2026-09-15,2026-09-16,2026-09-17,2026-09-18,2026-09-19,2026-09-20,2026-09-21,2026-09-22,2026-09-23,2026-09-24,2026-09-25,2026-09-26,2026-09-27,2026-09-28,2026-09-29,2026-09-30,2026-10-01,2026-10-02,2026-10-03,2026-10-04,2026-10-05,2026-10-06,2026-10-07
ABR,Arbor Realty Trust,3.490000009536743,8,,,,,,,,,,,,,,,,,,,,,,,,,,,,,,,,,4.28000020980835,4.340000152587891,4.340000152587891,4.190000057220459,,,,,4.079999923706055,3.9700000286102295,,,,,3.559999942779541,3.490000009536743
ACT,"Enact Holdings, Inc.",43.2599983215332,1,,,,,,,,,,,,,,,,,,,,,,,,,,,,,,,,,,,,,,,,,,,43.2599983215332,,,,,
ADAM,"Adamas Trust, Inc.",7.71999979019165,8,,,,,,,,,,,,,,,,,,,,,,,,,,,,8.960000038146973,8.970000267028809,,,,,8.920000076293945,8.920000076293945,8.430000305175781,,,,8.140000343322754,,,7.78000020980835,,,,,7.71999979019165
ADT,ADT Inc.,6.210000038146973,9,,,,,,,,,,,,,,,,,,,,,,,,,,,,,,,,,,6.619999885559082,6.619999885559082,6.340000152587891,,,,6.400000095367432,6.190000057220459,6.139999866485596,6.079999923706055,,,,6.25,6.210000038146973
AGO,Assured Guaranty Ltd.,67.72000122070312,5,74.28,,,,74.19,75.14,,,,,,,,,,,,,,,73.0,,,,,,,,71.29000091552734,,,,70.3499984741211,,,68.98999786376953,,,,,,,67.72000122070312,,,,,
AIG,"American International Group, Inc. New",75.75,0,75.75,,,,,,,,,,,,,,,,,,,,,,,,,,,,,,,,,,,,,,,,,,,,,,,
AIOT,"PowerFleet, Inc.",2.94,0,,,,,,2.94,,,,,,,,,,,,,,,,,,,,,,,,,,,,,,,,,,,,,,,,,,
AKTS,"Aktis Oncology, Inc.",18.520000457763672,7,,,,,,,,,,,,,,,,,,,,,,,,,,,,,,,,,,,,19.719999313354492,,,,19.43000030517578,19.350000381469727,19.690000534057617,19.469999313354492,,,,18.520000457763672,18.520000457763672
ALGN,"Align Technology, Inc.",158.83999633789062,0,,,,,159.64,160.38999938964844,159.13999938964844,158.83999633789062,,,,,,,,,,,,,,,,,,,,,,,,,,,,,,,,,,,,,,,,
ALL,Allstate Corporation (The),224.27000427246094,7,,,,,,,,,,,,,,,,,,,,,,,,,,,,,,,,,,,,225.66000366210938,,,,227.60000610351562,227.5500030517578,225.4199981689453,221.86000061035156,,,,223.74000549316406,224.27000427246094
ALLY,Ally Financial Inc.,37.630001068115234,7,,,,,42.45,,,,,,,,,,,,,,,,,,,,,,,,,,,,,,,38.58000183105469,,,,38.790000915527344,38.189998626708984,37.810001373291016,37.619998931884766,,,,37.90999984741211,37.630001068115234
AMSF,"AMERISAFE, Inc.",23.59000015258789,8,25.70,,,,26.42,26.415000915527344,26.290000915527344,26.139999389648438,,,,26.040000915527344,25.940000534057617,25.940000534057617,26.139999389648438,,,,25.989999771118164,25.989999771118164,24.899999618530273,24.799999237060547,,,,,,,,,,,,,,,,,,23.510000228881836,23.760000228881836,,23.6299991607666,,,,23.59000015258789,
ANIP,"ANI Pharmaceuticals, Inc.",70.69999694824219,4,,,,,,,,,,,,,71.91999816894531,71.91999816894531,,,,,71.2300033569336,71.2300033569336,70.2300033569336,70.69999694824219,,,,,,,,,,,,,,,,,,,,,,,,,,
APEI,"American Public Education, Inc.",40.619998931884766,3,44.38,,,,,,,,,,,,,,,,,,,,,,,,,,,,,,,,,43.43000030517578,43.43000030517578,,,,,,40.619998931884766,,,,,,,
APLE,"Apple Hospitality REIT, Inc. Common Shares",15.260000228881836,1,,,,,,,,,,,,,,,,,,,,,15.260000228881836,,,,,,,,,,,,,,,,,,,,,,,,,,,
APOG,"Apogee Enterprises, Inc.",38.060001373291016,0,,,,,,,,,,,,,37.59000015258789,37.59000015258789,38.060001373291016,,,,,,,,,,,,,,,,,,,,,,,,,,,,,,,,,
APTV,Aptiv PLC Ordinary Shares,45.029998779296875,0,47.03,,,,47.34,46.369998931884766,46.27000045776367,45.439998626708984,,,,44.7599983215332,44.849998474121094,44.849998474121094,45.029998779296875,,,,,,,,,,,,,,,,,,,,,,,,,,,,,,,,,
AQN,Algonquin Power & Utilities Corp. Common Shares,5.010000228881836,5,,,,,,,,,,,,,,,,,,,,,,,,,,,,5.28000020980835,,,,,,5.239999771118164,5.239999771118164,,,,,5.0,5.010000228881836,,,,,,,
ARCO,Arcos Dorados Holdings Inc. Class A Shares,7.119999885559082,3,,,,,,,,,,,,,,,,,,,,,,,,,,,,,,,,,,,,,,,,7.239999771118164,7.139999866485596,7.119999885559082,,,,,,
ARI,"Apollo Commercial Real Estate Finance, Inc",6.230000019073486,3,,,,,,,,,,,,,,,,,,,,,,,,,,,,,,,,,,6.429999828338623,6.429999828338623,,,,,,,6.230000019073486,,,,,,
ARKO,ARKO Corp.,4.5,0,4.59,,,,4.72,4.695000171661377,4.670000076293945,4.460000038146973,,,,4.559999942779541,4.5,4.5,,,,,,,,,,,,,,,,,,,,,,,,,,,,,,,,,,
ASO,"Academy Sports and Outdoors, Inc.",42.630001068115234,0,,,,,,43.880001068115234,43.54999923706055,42.630001068115234,,,,,,,,,,,,,,,,,,,,,,,,,,,,,,,,,,,,,,,,
ATO,Atmos Energy Corporation,156.44000244140625,7,,,,,167.82,167.56,,,,,,,,,,,,,,,,,,,,,,,,,,,,158.27000427246094,158.27000427246094,156.24000549316406,,,,157.2100067138672,157.0500030517578,157.60000610351562,156.44000244140625,,,,,
AZZ,AZZ Inc.,135.14999389648438,0,,,,,,139.21499633789062,,,,,,,,,135.14999389648438,,,,,,,,,,,,,,,,,,,,,,,,,,,,,,,,,
BABA,Alibaba Group Holding Limited American Depositary Shares each representing eight Ordinary share,113.23999786376953,2,,,,,,,,,,,,,,,,,,,113.23999786376953,113.23999786376953,,,,,,,,,,,,,,,,,,,,,,,,,,,,
BAC,Bank of America Corporation,54.09000015258789,9,,,,,,,,,,,,,,,,,,,,,,,,,,,,,57.900001525878906,,,,57.72999954223633,,56.20000076293945,56.0,,,,,55.470001220703125,54.959999084472656,54.43000030517578,,,,53.75,54.09000015258789
BANC,"Banc of California, Inc.",18.65,0,18.65,,,,,,,,,,,,,,,,,,,,,,,,,,,,,,,,,,,,,,,,,,,,,,,
BANF,BancFirst Corporation,107.70999908447266,0,,,,,,,,110.4000015258789,,,,,107.70999908447266,107.70999908447266,,,,,,,,,,,,,,,,,,,,,,,,,,,,,,,,,,
BC,Brunswick Corporation,65.02999877929688,9,,,,,,,,,,,,,73.37000274658203,73.37000274658203,74.44999694824219,,,,,,71.94999694824219,70.93000030517578,,,,,,68.80000305175781,67.72000122070312,,,,67.55000305175781,66.0,66.0,,,,,,66.12999725341797,65.02999877929688,,,,,,
BCRX,"BioCryst Pharmaceuticals, Inc.",7.949999809265137,1,,,,,,,,,,,,,,,,,,,,,,,,,,,,,,,,,,,,,,,,,,,,,,,,7.949999809265137
BFAM,Bright Horizons Family Solutions Inc.,65.86000061035156,2,,,,,,,,,,,,,,,,,,,,,66.61000061035156,65.86000061035156,,,,,,,,,,,,,,,,,,,,,,,,,,
BHE,"Benchmark Electronics, Inc.",70.27999877929688,0,,,,,71.72,72.70999908447266,72.31999969482422,,,,,70.27999877929688,,,,,,,,,,,,,,,,,,,,,,,,,,,,,,,,,,,,
BHF,"Brighthouse Financial, Inc.",49.84000015258789,8,53.22,,,,51.90,52.38999938964844,52.4900016784668,54.15999984741211,,,,53.02000045776367,52.9900016784668,52.9900016784668,53.619998931884766,,,,53.58000183105469,53.58000183105469,52.2400016784668,51.150001525878906,,,,,,49.0,48.790000915527344,,,,,49.84000015258789,49.84000015258789,,,,,,,,,,,,,
BKU,"BankUnited, Inc.",42.54999923706055,1,,,,,,,,,,,,,,,,,,,,,,,,,,,,,,,,,,,,,,,,,,42.54999923706055,,,,,,
BLBD,Blue Bird Corporation,58.150001525878906,0,61.33,,,,58.95,60.36000061035156,60.5,59.904998779296875,,,,58.150001525878906,,,,,,,,,,,,,,,,,,,,,,,,,,,,,,,,,,,,
BOKF,BOK Financial Corporation,128.6199951171875,1,,,,,,,,,,,,136.0800018310547,133.60000610351562,133.60000610351562,,,,,,,,,,,,,,,,,,,,,,,,,,,,128.6199951171875,,,,,,
BOOT,"Boot Barn Holdings, Inc.",124.48999786376953,6,,,,,,,,,,,,,,,,,,,,,,,,,,,,128.3699951171875,122.75,,,,122.91999816894531,124.33000183105469,124.33000183105469,124.48999786376953,,,,,,,,,,,,
BPOP,"Popular, Inc.",156.3000030517578,1,168.22,,,,168.43,,,,,,,,,,,,,,,,,,,,,,,,,,,,,,,,,,,,,156.3000030517578,,,,,,
BSX,Boston Scientific Corporation,42.189998626708984,1,,,,,,,,,,,,,,,,,,,,,,,,,,,,,,,,,,,,,,,,,,,,,,,,42.189998626708984
BV,"BrightView Holdings, Inc.",10.140000343322754,1,11.15,,,,10.94,11.000100135803223,,,,,,,,,,,,,,,,,,,,,,,,,,,,,,10.140000343322754,,,,,,,,,,,,
BXDC,Blackstone Digital Infrastructure Trust Inc.,17.219999313354492,5,,,,,,,,,,,,,,,,,,,,,,,,,,,,,,,,,,,,,,,,,18.1299991607666,17.65999984741211,17.34000015258789,,,,17.270000457763672,17.219999313354492
BXMT,"Blackstone Mortgage Trust, Inc.",11.25,6,14.35,,,,14.12,13.897000312805176,13.920000076293945,13.8100004196167,,,,,13.8100004196167,13.8100004196167,,,,,,,,,,,,,,,,,,,,,,,,,,12.5,12.40999984741211,12.3100004196167,11.449999809265137,,,,10.899999618530273,11.25
BYD,Boyd Gaming Corporation,67.25,13,,,,,,80.9749984741211,80.62999725341797,79.62000274658203,,,,77.58999633789062,76.38999938964844,76.38999938964844,76.69999694824219,,,,78.0199966430664,78.0199966430664,76.5199966430664,75.41000366210938,,,,,,,,,,,72.97000122070312,72.58000183105469,72.58000183105469,71.73999786376953,,,,71.2300033569336,69.19000244140625,67.08000183105469,66.56999969482422,,,,67.25,
CACC,Credit Acceptance Corporation,531.0,2,,,,,,,,,,,,,,,,,,,,,,,,,,,,,,,,,,,,,,,,,,537.0999755859375,531.0,,,,,
CARS,Cars.com Inc.,9.699999809265137,1,,,,,,,,,,,,,,,,,,,,,,,,,,,,,,,,,,,,,,,,,,,,,,,,9.699999809265137
CBRL,"Cracker Barrel Old Country Store, Inc.",43.220001220703125,2,,,,,,,,,,,,,,,,,,,,,,,,,,,,45.150001525878906,43.220001220703125,,,,,,,,,,,,,,,,,,,
CBT,Cabot Corporation,79.3499984741211,1,,,,,,,,,,,,,,,,,,,,,,79.3499984741211,,,,,,,,,,,,,,,,,,,,,,,,,,
CCK,"Crown Holdings, Inc.",108.7300033569336,2,,,,,,,,,,,,,,,,,,,,,,,,,,,,,,,,,,108.7300033569336,108.7300033569336,,,,,,,,,,,,,
CCS,"Century Communities, Inc.",62.06999969482422,1,,,,,,,,,,,,,,,,,,,,,62.06999969482422,,,,,,,,,,,,,,,,,,,,,,,,,,,
CDRE,"Cadre Holdings, Inc.",25.0,6,,,,,,,,,,,,,,,,,,,,,,,,,,,,,26.420000076293945,,,,26.290000915527344,,26.6299991607666,,,,,,,,25.09000015258789,,,,25.0,25.0
CENX,Century Aluminum Company,35.619998931884766,3,,,,,,,,,,,,,,,,,,,,,,,,,,,,,,,,,,,,,,,,,,36.20000076293945,35.97999954223633,,,,35.619998931884766,
CFFN,"Capitol Federal Financial, Inc.",8.25,1,,,,,,,,,,,,,,,,,,,,,,,,,,,,,,,,,,,,,,,,,,,8.25,,,,,
CFG,"Citizens Financial Group, Inc.",64.30999755859375,2,69.71,,,,,,,,,,,,,,,,,,,,,,,,,,,,,,,,,,,,,,,,,63.88999938964844,,,,,,64.30999755859375
CHCT,Community Healthcare Trust Incorporated,13.359999656677246,3,14.87,,,,,,,,,,,14.710000038146973,,,,,,,,,,14.489999771118164,,,,,,,,,,,,,,,,,,,,,,,,,13.619999885559082,13.359999656677246
CINF,Cincinnati Financial Corporation,159.3699951171875,2,,,,,,,,,,,,,,,,,,,,,,,,,,,,,,,,,,,,,,,,,,161.1300048828125,159.3699951171875,,,,,
CLB,Core Laboratories Inc.,9.920000076293945,7,,,,,,,,,,,,,,,,,,,,,,,,,,,,,,,,,,10.9399995803833,10.9399995803833,10.630000114440918,,,,,10.029999732971191,9.710000038146973,9.699999809265137,,,,9.920000076293945,
CLX,Clorox Company (The),80.41000366210938,11,,,,,,,,,,,,,,,94.2699966430664,,,,93.05999755859375,93.05999755859375,91.5999984741211,89.62000274658203,,,,,,87.16000366210938,84.86000061035156,,,,83.0999984741211,84.87999725341797,84.87999725341797,83.94000244140625,,,,,,,,,,,80.41000366210938,
CMPR,Cimpress plc - Ordinary Shares,73.6500015258789,10,88.86,,,,87.52,87.09500122070312,87.25,,,,,,,,,,,,,,84.9000015258789,,,,,,,,81.5,,,,80.11000061035156,79.75,79.75,77.98999786376953,,,,,,78.16999816894531,77.12000274658203,,,,75.04000091552734,73.6500015258789
CNA,CNA Financial Corporation,44.880001068115234,5,,,,,,,,48.91999816894531,,,,,,,,,,,48.470001220703125,48.470001220703125,,,,,,,,,,,,,,,,,,,,45.97999954223633,45.439998626708984,,44.880001068115234,,,,,
CNOB,"ConnectOne Bancorp, Inc.",30.84000015258789,0,,,,,,,,,,,,,30.84000015258789,30.84000015258789,,,,,,,,,,,,,,,,,,,,,,,,,,,,,,,,,,
CNX,CNX Resources Corporation,31.5,8,,,,,,,,,,,,,,,,,,,,,,,,,,,,,,,,,32.88999938964844,32.779998779296875,32.779998779296875,33.0,,,,,31.700000762939453,31.209999084472656,31.170000076293945,,,,31.5,
COLL,"Collegium Pharmaceutical, Inc.",21.8700008392334,11,27.54,,,,27.35,27.47,27.510000228881836,26.440000534057617,,,,24.610000610351562,24.0,24.0,24.299999237060547,,,,23.530000686645508,23.530000686645508,23.3700008392334,23.360000610351562,,,,,,21.84000015258789,22.190000534057617,,,,22.770000457763672,,,22.450000762939453,,,,,,22.229999542236328,21.81999969482422,,,,,21.8700008392334
COO,"The Cooper Companies, Inc.",54.119998931884766,7,,,,,,,,70.95999908447266,,,,,69.27999877929688,69.27999877929688,,,,,,,67.69000244140625,63.47999954223633,,,,,,53.27000045776367,54.61000061035156,,,,55.290000915527344,54.119998931884766,54.119998931884766,,,,,,,,,,,,,
CPRI,Capri Holdings Limited Ordinary Shares,13.100000381469727,1,13.77,,,,13.68,13.6850004196167,13.600000381469727,13.180000305175781,,,,13.25,12.789999961853027,12.789999961853027,12.710000038146973,,,,,,13.100000381469727,,,,,,,,,,,,,,,,,,,,,,,,,,,
CRUS,"Cirrus Logic, Inc.",110.76000213623047,3,116.90,,,,111.64,111.0999984741211,110.33999633789062,110.87999725341797,,,,109.51000213623047,109.06999969482422,109.06999969482422,,,,,113.20999908447266,113.20999908447266,110.76000213623047,,,,,,,,,,,,,,,,,,,,,,,,,,,
CSIQ,Canadian Solar Inc. - Common Shares,12.329999923706055,0,,,,,,,,,,,,12.329999923706055,,,,,,,,,,,,,,,,,,,,,,,,,,,,,,,,,,,,
CSQR,"Csquare, Inc.",15.8100004196167,4,,,,,19.60,,,,,,,,18.350000381469727,18.350000381469727,18.0,,,,18.020000457763672,18.020000457763672,18.43000030517578,,,,,,,,,,,,,,,,,,,,,,15.8100004196167,,,,,
CTO,"CTO Realty Growth, Inc.",20.25,2,,,,,,,,,,,,,,,,,,,,,,,,,,,,,,,,,20.280000686645508,,,20.25,,,,,,,,,,,,
CTRI,"Centuri Holdings, Inc.",19.350000381469727,7,21.78,,,,20.79,21.280000686645508,21.170000076293945,21.1200008392334,,,,20.40999984741211,20.489999771118164,20.489999771118164,20.520000457763672,,,,20.540000915527344,20.540000915527344,20.700000762939453,20.15999984741211,,,,,,19.06999969482422,19.15999984741211,,,,19.350000381469727,,,,,,,,,,,,,,,
CTRN,"Citi Trends, Inc.",49.189998626708984,10,,,,,,,,,,,,,,,,,,,,,,,,,,,,57.099998474121094,,,,,55.38999938964844,55.34000015258789,55.34000015258789,,,,,49.029998779296875,50.81999969482422,50.70000076293945,51.560001373291016,,,,47.90999984741211,49.189998626708984
CTVA,"Corteva, Inc.",12.390000343322754,2,,,,,,,,,,,,,,,,,,,,,,,,,,,,,,,,,,,,,,,,,,,,,,,11.920000076293945,12.390000343322754
CVS,CVS Health Corporation,85.86000061035156,4,,,,,94.11,,94.31999969482422,92.91999816894531,,,,,,,,,,,,,,,,,,,,,,,,,88.83999633789062,87.5999984741211,87.5999984741211,85.86000061035156,,,,,,,,,,,,
CXM,"Sprinklr, Inc.",4.820000171661377,6,,,,,,,,,,,,,,,,,,,5.909999847412109,5.909999847412109,5.550000190734863,5.320000171661377,,,,,,,,,,,,,,,,,,,4.980000019073486,4.820000171661377,,,,,,
D,"Dominion Energy, Inc.",60.52000045776367,8,67.47,,,,,66.81500244140625,66.91000366210938,,,,,,,,,,,,,,,,,,,,,,63.5099983215332,,,,,62.81999969482422,62.81999969482422,61.16999816894531,,,,60.68000030517578,60.279998779296875,60.63999938964844,60.52000045776367,,,,,
DBD,Diebold Nixdorf Incorporated,60.25,2,67.81,,,,,68.2750015258789,67.77999877929688,67.68000030517578,,,,67.83999633789062,,,,,,,,,,,,,,,,,,,,,,,,,,,,,60.88999938964844,60.25,,,,,,
DEA,"Easterly Government Properties, Inc.",22.780000686645508,5,,,,,,,,,,,,,,,,,,,,,,,,,,,,,23.290000915527344,,,,,23.329999923706055,23.329999923706055,,,,,22.90999984741211,22.780000686645508,,,,,,,
DECK,Deckers Outdoor Corporation,77.95999908447266,4,88.86,,,,,89.3219985961914,89.47000122070312,86.33000183105469,,,,,84.58000183105469,84.58000183105469,83.76000213623047,,,,,,82.5999984741211,80.2300033569336,,,,,,77.51000213623047,77.95999908447266,,,,,,,,,,,,,,,,,,,
DIN,"Dine Brands Global, Inc.",27.479999542236328,6,,,,,,,,,,,,,,,,,,,31.68000030517578,31.68000030517578,30.860000610351562,29.139999389648438,,,,,,27.079999923706055,27.479999542236328,,,,,,,,,,,,,,,,,,,
DLTR,"Dollar Tree, Inc.",112.4000015258789,2,,,,,,,,,,,,,,,,,,,,,,,,,,,,112.79000091552734,112.4000015258789,,,,,,,,,,,,,,,,,,,
DUK,Duke Energy Corporation (Holding Company),113.41000366210938,3,,,,,,,,,,,,,,,,,,,,,,,,,,,,,,,,,,,,114.16999816894531,,,,113.3499984741211,113.41000366210938,,,,,,,
DVA,DaVita Inc.,176.13999938964844,0,175.24,,,,176.50,181.22000122070312,180.0500030517578,178.8800048828125,,,,176.00999450683594,176.13999938964844,176.13999938964844,,,,,,,,,,,,,,,,,,,,,,,,,,,,,,,,,,
ECVT,Ecovyst Inc.,10.170000076293945,0,10.32,,,,10.07,10.135000228881836,10.210000038146973,10.149999618530273,,,,10.170000076293945,,,,,,,,,,,,,,,,,,,,,,,,,,,,,,,,,,,,
EMA,Emera Incorporated Common Shares,46.63999938964844,2,,,,,50.39,50.61000061035156,50.68000030517578,,,,,,,,,,,,,,,,,,,,,48.439998626708984,,,,,,,,,,,,,,,,,,,,46.63999938964844
ENB,Enbridge Inc,46.540000915527344,7,50.99,,,,,50.31999969482422,50.369998931884766,,,,,,,,,,,,50.09000015258789,50.09000015258789,,,,,,,,,,,,,,,,,,,,46.7400016784668,,46.650001525878906,46.4900016784668,,,,45.970001220703125,46.540000915527344
ENVA,"Enova International, Inc.",167.9199981689453,8,,,,,,,,,,,,,,,,,,,,,,,,,,,,173.61000061035156,172.13999938964844,,,,,171.36000061035156,171.36000061035156,168.3699951171875,,,,173.47999572753906,170.02000427246094,167.9199981689453,,,,,,
EPRT,"Essential Properties Realty Trust, Inc.",25.639999389648438,14,,,,,,,,,,,,,,,,,,,29.639999389648438,29.639999389648438,,,,,,,,27.989999771118164,26.790000915527344,,,,26.75,26.760000228881836,26.760000228881836,26.8700008392334,,,,26.530000686645508,26.399999618530273,26.270000457763672,25.809999465942383,,,,25.899999618530273,25.639999389648438
ESNT,Essent Group Ltd. Common Shares,60.220001220703125,4,,,,,,,,,,,,,,,,,,,,,,,,,,,,,,,,,,,,,,,,,63.439998626708984,63.2400016784668,57.90999984741211,,,,60.220001220703125,
EYE,"National Vision Holdings, Inc.",15.850000381469727,4,,,,,,,,17.8700008392334,,,,17.079999923706055,16.690000534057617,16.690000534057617,16.81999969482422,,,,16.739999771118164,16.739999771118164,17.0,,,,,,,15.850000381469727,,,,,,,,,,,,,,,,,,,,
FAF,First American Corporation (New),60.7400016784668,2,,,,,,,,,,,,,,,,,,,,,,,,,,,,,,,,,,,,,,,,,,64.02999877929688,60.7400016784668,,,,,
FBK,FB Financial Corporation,51.88999938964844,5,,,,,,57.28,,,,,,56.959999084472656,55.5099983215332,55.5099983215332,56.2599983215332,,,,,,,,,,,,,,,,,,53.36000061035156,,,52.63999938964844,,,,52.7400016784668,52.27000045776367,51.88999938964844,,,,,,
FBRT,"Franklin BSP Realty Trust, Inc.",6.71999979019165,3,,,,,,,,,,,,,,,,,,,,,,,,,,,,,,,,,,,,,,,,6.96999979019165,6.710000038146973,6.71999979019165,,,,,,
FE,FirstEnergy Corp.,43.02000045776367,3,,,,,,,,46.25,,,,,,,,,,,,,,,,,,,,,,,,,,,,43.650001525878906,,,,43.29999923706055,43.02000045776367,,,,,,,
FHB,"First Hawaiian, Inc.",24.780000686645508,1,26.61,,,,26.04,25.950000762939453,25.959999084472656,25.81999969482422,,,,25.610000610351562,25.25,25.25,,,,,,,,,,,,,,,,,,,,,,24.780000686645508,,,,,,,,,,,,
FITB,Fifth Third Bancorp,53.0099983215332,0,54.50,,,,54.90,55.119998931884766,55.099998474121094,54.849998474121094,,,,53.77000045776367,53.0099983215332,53.0099983215332,,,,,,,,,,,,,,,,,,,,,,,,,,,,,,,,,,
FND,"Floor & Decor Holdings, Inc.",47.58000183105469,2,,,,,,,,,,,,,47.7400016784668,47.7400016784668,47.95000076293945,,,,,,47.91999816894531,47.58000183105469,,,,,,,,,,,,,,,,,,,,,,,,,,
FNF,"Fidelity National Financial, Inc.",39.08000183105469,14,47.44,,,,47.43,47.48500061035156,47.47999954223633,47.29999923706055,,,,,,,,,,,,,44.650001525878906,44.47999954223633,,,,,,43.619998931884766,43.02000045776367,,,,42.5,42.459999084472656,42.459999084472656,41.849998474121094,,,,41.41999816894531,41.08000183105469,41.15999984741211,38.650001525878906,,,,39.2599983215332,39.08000183105469
FRME,First Merchants Corporation,41.56,0,,,,,,41.56,,,,,,,,,,,,,,,,,,,,,,,,,,,,,,,,,,,,,,,,,,
FRPT,"Freshpet, Inc.",57.150001525878906,4,,,,,,,,,,,,,,,,,,,,,,,,,,,,,,,,,,,,59.209999084472656,,,,57.90999984741211,57.16999816894531,57.150001525878906,,,,,,
FSBC,Five Star Bancorp,42.369998931884766,2,45.04,,,,,44.90,,,,,,,,,,,,,,,,,,,,,,,,,,,,,,,,,,,,42.36000061035156,42.369998931884766,,,,,
FSLR,"First Solar, Inc.",205.92999267578125,0,,,,,208.31,205.8300018310547,205.92999267578125,,,,,,,,,,,,,,,,,,,,,,,,,,,,,,,,,,,,,,,,,
FTS,Fortis Inc. Common Shares,54.849998474121094,0,,,,,,55.15999984741211,,54.849998474121094,,,,,,,,,,,,,,,,,,,,,,,,,,,,,,,,,,,,,,,,
FUL,H. B. Fuller Company,49.630001068115234,9,,,,,,,,,,,,,,,,,,,53.88999938964844,53.88999938964844,53.040000915527344,51.84000015258789,,,,,,50.88999938964844,50.83000183105469,,,,49.40999984741211,49.630001068115234,49.630001068115234,,,,,,,,,,,,,
FWRG,"First Watch Restaurant Group, Inc.",10.140000343322754,3,,,,,,,,,,,,,,,,,,,,,,,,,,,,,,,,,10.180000305175781,10.140000343322754,10.140000343322754,,,,,,,,,,,,,
GBX,"Greenbrier Companies, Inc. (The)",40.06999969482422,5,,,,,,,,,,,,,42.0,42.0,42.75,,,,43.2599983215332,43.2599983215332,,,,,,,,,,,,,41.81999969482422,,,,,,,,,41.11000061035156,40.06999969482422,,,,,
GCO,Genesco Inc.,32.97999954223633,0,,,,,,,,32.97999954223633,,,,,,,,,,,,,,,,,,,,,,,,,,,,,,,,,,,,,,,,
GD,General Dynamics Corporation,331.3299865722656,11,,,,,,,,,,,,,,,,,,,359.3900146484375,359.3900146484375,356.5799865722656,352.6700134277344,,,,,,,,,,,,,,343.3299865722656,,,,336.7200012207031,334.1600036621094,332.3399963378906,331.8299865722656,,,,330.0899963378906,331.3299865722656
GILT,Gilat Satellite Networks Ltd. - Ordinary Shares,9.899999618530273,0,,,,,9.95,10.15999984741211,10.170000076293945,,,,,9.899999618530273,,,,,,,,,,,,,,,,,,,,,,,,,,,,,,,,,,,,
GL,Globe Life Inc.,172.24,0,,,,,,172.24,,,,,,,,,,,,,,,,,,,,,,,,,,,,,,,,,,,,,,,,,,
GME,GameStop Corporation,18.25,0,18.04,,,,18.04,17.91010093688965,17.969999313354492,18.25,,,,,,,,,,,,,,,,,,,,,,,,,,,,,,,,,,,,,,,,
GMED,"Globus Medical, Inc.",74.5199966430664,1,,,,,,,,,,,,,,,,,,,,,,74.5199966430664,,,,,,,,,,,,,,,,,,,,,,,,,,
GNL,"Global Net Lease, Inc.",8.140000343322754,6,,,,,,,,,,,,,,,,,,,,,,,,,,,,,,,,,,,,8.670000076293945,,,,8.550000190734863,,8.350000381469727,8.260000228881836,,,,8.25,8.140000343322754
GNTX,Gentex Corporation,22.1299991607666,0,,,,,,,,,,,,22.3700008392334,22.1299991607666,22.1299991607666,,,,,,,,,,,,,,,,,,,,,,,,,,,,,,,,,,
GPK,Graphic Packaging Holding Company,8.609999656677246,4,,,,,,,,,,,,,,,,,,,,,9.890000343322754,9.510000228881836,,,,,,,,,,,,,,,,,,,,,,,,,8.779999732971191,8.609999656677246
GPOR,Gulfport Energy Corporation Common Shares,156.16000366210938,2,,,,,,,,,,,,,,,,,,,,,,,,,,,,,,,,,,156.16000366210938,156.16000366210938,,,,,,,,,,,,,
GTES,Gates Industrial Corporation Ltd. Common Shares,24.90999984741211,0,,,,,,,,,,,,,,,24.90999984741211,,,,,,,,,,,,,,,,,,,,,,,,,,,,,,,,,
GTX,Garrett Motion Inc.,27.059999465942383,0,26.40,,,,25.84,26.905000686645508,27.059999465942383,,,,,,,,,,,,,,,,,,,,,,,,,,,,,,,,,,,,,,,,,
GXO,"GXO Logistics, Inc.",45.37,0,45.37,,,,,,,,,,,,,,,,,,,,,,,,,,,,,,,,,,,,,,,,,,,,,,,
HAWK,"HawkEye 360, Inc.",14.380000114440918,8,,,,,,,,,,,,,,,17.649999618530273,,,,17.360000610351562,17.360000610351562,17.829999923706055,16.450000762939453,,,,,,16.489999771118164,16.170000076293945,,,,,,,,,,,,,,15.100000381469727,,,,,14.380000114440918
HAYW,"Hayward Holdings, Inc.",12.34000015258789,6,,,,,,,,,,,,,13.609999656677246,13.609999656677246,13.630000114440918,,,,13.920000076293945,13.920000076293945,13.4399995803833,13.289999961853027,,,,,,12.75,,,,,,,,,,,,,,12.34000015258789,,,,,,
HBAN,Huntington Bancshares Incorporated,16.420000076293945,0,17.01,,,,17.04,16.95,,16.860000610351562,,,,,16.420000076293945,16.420000076293945,,,,,,,,,,,,,,,,,,,,,,,,,,,,,,,,,,
HCSG,"Healthcare Services Group, Inc.",20.450000762939453,1,,,,,,,,,,,,,,,,,,,,,,,,,,,,,,,,,,,,,,,,,,,20.450000762939453,,,,,
HDB,HDFC Bank Limited,22.459999084472656,0,23.34,,,,,,23.170000076293945,22.459999084472656,,,,,,,,,,,,,,,,,,,,,,,,,,,,,,,,,,,,,,,,
HGV,Hilton Grand Vacations Inc.,34.04999923706055,14,,,,,,,,,,,,,,,,,,,42.04999923706055,42.04999923706055,40.54999923706055,40.27000045776367,,,,,,37.90999984741211,37.11000061035156,,,,35.59000015258789,35.560001373291016,35.560001373291016,35.599998474121094,,,,35.77000045776367,35.939998626708984,,,,,,34.86000061035156,34.04999923706055
HII,"Huntington Ingalls Industries, Inc.",259.6400146484375,3,,,,,294.63,291.15,,,,,,,,,288.7200012207031,,,,,,,,,,,,,,,,,,,,,,,,,264.0199890136719,257.04998779296875,259.6400146484375,,,,,,
HLMN,Hillman Solutions Corp.,7.320000171661377,0,,,,,,,,,,,,7.699999809265137,7.320000171661377,7.320000171661377,,,,,,,,,,,,,,,,,,,,,,,,,,,,,,,,,,
HOMB,"Home BancShares, Inc.",28.18000030517578,1,,,,,,,,,,,,,29.100000381469727,29.100000381469727,,,,,,,,,,,,,,,,,,,,,,,,,,,,,28.18000030517578,,,,,
HON,Honeywell International Inc.,204.92999267578125,4,,,,,214.77,219.86000061035156,220.6699981689453,220.38999938964844,,,,,,,,,,,209.61000061035156,209.61000061035156,208.24000549316406,204.92999267578125,,,,,,,,,,,,,,,,,,,,,,,,,,
HPP,"Hudson Pacific Properties, Inc.",12.15999984741211,1,,,,,,,,,,,,,,,,,,,,,12.15999984741211,,,,,,,,,,,,,,,,,,,,,,,,,,,
HST,"Host Hotels & Resorts, Inc.",21.639999389648438,0,,,,,,,,22.34000015258789,,,,21.93000030517578,21.639999389648438,21.639999389648438,,,,,,,,,,,,,,,,,,,,,,,,,,,,,,,,,,
HTB,"HomeTrust Bancshares, Inc.",46.439998626708984,0,46.71,,,,46.95,46.650001525878906,46.77000045776367,46.5,,,,46.439998626708984,,,,,,,,,,,,,,,,,,,,,,,,,,,,,,,,,,,,
ICUI,"ICU Medical, Inc.",152.64999389648438,4,,,,,,,,,,,,,,,,,,,,,160.88999938964844,,,,,,,155.8800048828125,155.6199951171875,,,,152.64999389648438,,,,,,,,,,,,,,,
IMXI,"International Money Express, Inc.",11.430000305175781,4,,,,,,,,,,,,,,,,,,,,,,,,,,,,,,,,,12.069999694824219,12.270000457763672,12.270000457763672,11.430000305175781,,,,,,,,,,,,
INMD,InMode Ltd.  - Ordinary Shares,14.1899995803833,2,,,,,,,,,,,,,,,,,,,,,,,,,,,,,,,,,14.350000381469727,,,14.1899995803833,,,,,,,,,,,,
INNV,InnovAge Holding Corp.,8.800000190734863,3,,,,,,,,,,,,,,,,,,,,,,,,,,,,,,,,,,,,,,,,,8.890000343322754,8.979999542236328,8.800000190734863,,,,,
IPGP,IPG Photonics Corporation,74.20999908447266,0,74.43,,,,70.74,74.70500183105469,74.20999908447266,,,,,,,,,,,,,,,,,,,,,,,,,,,,,,,,,,,,,,,,,
IPI,"Intrepid Potash, Inc",32.08000183105469,3,,,,,,,,,,,,,,,,,,,,,,,,,,,,,,,,,,,,,,,,,32.34000015258789,32.349998474121094,32.08000183105469,,,,,
IRT,"Independence Realty Trust, Inc.",14.65999984741211,6,,,,,,,,,,,,,,,,,,,,,,15.229999542236328,,,,,,15.170000076293945,14.9399995803833,,,,14.789999961853027,14.65999984741211,14.65999984741211,,,,,,,,,,,,,
IVR,INVESCO MORTGAGE CAPITAL INC,5.71999979019165,9,,,,,,,,,,,,,,,7.139999866485596,,,,,,,7.090000152587891,,,,,,6.53000020980835,6.460000038146973,,,,,6.510000228881836,6.510000228881836,6.460000038146973,,,,,6.25,,,,,,5.710000038146973,5.71999979019165
IVT,InvenTrust Properties Corp.,29.760000228881836,10,,,,,32.82,32.689998626708984,32.66999816894531,32.63999938964844,,,,32.310001373291016,,,,,,,,,,,,,,,,31.229999542236328,30.81999969482422,,,,30.81999969482422,30.799999237060547,30.799999237060547,30.34000015258789,,,,30.530000686645508,30.719999313354492,,30.149999618530273,,,,,29.760000228881836
JBGS,JBG SMITH Properties Common Shares,10.039999961853027,7,,,,,,,,,,,,,,,,,,,,,11.420000076293945,11.1899995803833,,,,,,,,,,,,,,10.649999618530273,,,,10.529999732971191,10.170000076293945,10.100000381469727,10.039999961853027,,,,,
JCAP,"Jefferson Capital, Inc.",19.079999923706055,1,,,,,,,,,,,,,,,,,,,,,,,,,,,,,,,,,,,,19.079999923706055,,,,,,,,,,,,
JKS,JinkoSolar Holding Company Limited American Depositary Shares (each representing 4 Common Shares),9.09000015258789,14,,,,,,13.630000114440918,13.65999984741211,13.510000228881836,,,,12.579999923706055,12.449999809265137,12.449999809265137,12.460000038146973,,,,11.979999542236328,11.979999542236328,12.430000305175781,12.180000305175781,,,,,,10.279999732971191,10.279999732971191,,,,,10.5600004196167,10.5600004196167,,,,,9.670000076293945,9.199999809265137,9.600000381469727,9.510000228881836,,,,9.149999618530273,9.09000015258789
JLL,Jones Lang LaSalle Incorporated,303.6199951171875,6,,,,,,,,,,,,,,,,,,,,,,,,,,,,,,,,,,,,,,,,321.9100036621094,314.1000061035156,311.0,305.5199890136719,,,,306.80999755859375,303.6199951171875
KFY,Korn Ferry,71.05999755859375,6,,,,,,,,,,,,,,,,,,,,,,,,,,,,,,,,,,,,73.95999908447266,,,,71.7300033569336,71.30999755859375,71.9800033569336,,,,,71.91999816894531,71.05999755859375
KHC,The Kraft Heinz Company,21.84000015258789,3,,,,,,,,,,,,,,,,,,,,,,,,,,,,,,,,,,,,,,,,,,,22.719999313354492,,,,22.190000534057617,21.84000015258789
KIM,Kimco Realty Corporation (HC),22.139999389648438,9,,,,,,,,23.809999465942383,,,,23.709999084472656,,,,,,,,,,,,,,,,22.989999771118164,22.59000015258789,,,,22.530000686645508,22.540000915527344,22.540000915527344,22.209999084472656,,,,,,,22.209999084472656,,,,22.239999771118164,22.139999389648438
KLRA,"Kailera Therapeutics, Inc.",10.390000343322754,8,,,,,16.54,,,,,,,15.399999618530273,,,,,,,,,,,,,,,,13.449999809265137,12.699999809265137,,,,12.829999923706055,11.989999771118164,11.989999771118164,,,,,,11.119999885559082,10.989999771118164,,,,,10.390000343322754,
KRC,Kilroy Realty Corporation,34.22999954223633,1,,,,,,,,,,,,,,,,,,,,,,,,,,,,,,,,,34.22999954223633,,,,,,,,,,,,,,,
KRG,Kite Realty Group Trust,24.1299991607666,11,26.27,,,,26.26,26.34000015258789,26.260000228881836,26.010000228881836,,,,25.799999237060547,,,,,,,25.959999084472656,25.959999084472656,,,,,,,,,,,,,,25.200000762939453,25.200000762939453,24.690000534057617,,,,24.780000686645508,24.799999237060547,24.700000762939453,24.389999389648438,,,,24.389999389648438,24.1299991607666
LCII,LCI Industries,82.80999755859375,8,,,,,,,,,,,,,,,,,,,,,,,,,,,,87.5999984741211,87.11000061035156,,,,85.5999984741211,86.94999694824219,86.94999694824219,85.02999877929688,,,,84.51000213623047,,,,,,,82.80999755859375,
LFTO,"Liftoff Mobile, Inc.",15.149999618530273,1,18.36,,,,,18.375,18.440000534057617,18.6299991607666,,,,,,,,,,,,,,,,,,,,,,,,,,,,,,,,,,,,,,,15.149999618530273,
LHX,"L3Harris Technologies, Inc.",237.89999389648438,14,,,,,262.83,262.6000061035156,262.9599914550781,261.9800109863281,,,,,,,261.30999755859375,,,,256.45001220703125,256.45001220703125,255.74000549316406,250.41000366210938,,,,,,,,,,,247.2899932861328,246.92999267578125,246.92999267578125,239.2100067138672,,,,237.69000244140625,237.6999969482422,236.47000122070312,236.77999877929688,,,,236.60000610351562,237.89999389648438
LI,Li Auto Inc. - American Depositary Shares,11.899999618530273,0,,,,,,,,,,,,,11.899999618530273,11.899999618530273,,,,,,,,,,,,,,,,,,,,,,,,,,,,,,,,,,
LINC,Lincoln Educational Services Corporation,21.90999984741211,3,,,,,,,,,,,,,,,,,,,,,,,,,,,,,,,,,,,,,,,,,,21.540000915527344,21.8700008392334,,,,21.90999984741211,
LIND,Lindblad Expeditions Holdings Inc.,25.360000610351562,4,,,,,,,,,,,,26.559999465942383,25.600000381469727,25.600000381469727,25.389999389648438,,,,25.8700008392334,25.8700008392334,26.549999237060547,25.360000610351562,,,,,,,,,,,,,,,,,,,,,,,,,,
LMB,"Limbach Holdings, Inc.",41.220001220703125,0,42.75,,,,41.71,41.64500045776367,42.41999816894531,41.72999954223633,,,,41.220001220703125,,,,,,,,,,,,,,,,,,,,,,,,,,,,,,,,,,,,
LW,"Lamb Weston Holdings, Inc.",41.689998626708984,6,,,,,,,,,,,,,,,,,,,49.869998931884766,49.869998931884766,,,,,,,,,,,,,,,,,,,,43.58000183105469,43.18000030517578,43.27000045776367,41.689998626708984,,,,,
LYTS,LSI Industries Inc.,19.600000381469727,4,20.62,,,,19.59,20.325000762939453,20.270000457763672,20.170000076293945,,,,19.59000015258789,19.6200008392334,19.6200008392334,19.90999984741211,,,,20.229999542236328,20.229999542236328,19.56999969482422,19.600000381469727,,,,,,,,,,,,,,,,,,,,,,,,,,
MBC,"MasterBrand, Inc.",6.619999885559082,3,,,,,,,,,,,,,,,,,,,,,,,,,,,,6.989999771118164,6.639999866485596,,,,6.619999885559082,,,,,,,,,,,,,,,
MCFT,"MasterCraft Boat Holdings, Inc.",19.149999618530273,2,,,,,,,,,,,,,,,,,,,,,,,,,,,,19.59000015258789,19.149999618530273,,,,,,,,,,,,,,,,,,,
MFA,"MFA Financial, Inc.",7.650000095367432,6,,,,,,,,,,,,,,,,,,,,,,,,,,,,8.430000305175781,,,,,8.359999656677246,,,,,,,8.170000076293945,8.010000228881836,8.0,,,,,7.650000095367432,
MGEE,MGE Energy Inc.,69.44999694824219,7,,,,,,,,,,,,,,,77.01000213623047,,,,,,,,,,,,,,,,,,,72.86000061035156,72.86000061035156,70.86000061035156,,,,70.05999755859375,68.93000030517578,69.23999786376953,69.44999694824219,,,,,
MGM,MGM Resorts International,30.540000915527344,15,,,,,,43.34,43.459999084472656,,,,,41.36000061035156,40.77000045776367,40.77000045776367,41.439998626708984,,,,41.220001220703125,41.220001220703125,40.7400016784668,40.65999984741211,,,,,,39.220001220703125,38.38999938964844,,,,37.810001373291016,38.72999954223633,38.72999954223633,,,,,32.58000183105469,31.860000610351562,31.520000457763672,31.049999237060547,,,,30.479999542236328,30.540000915527344
MGRC,McGrath RentCorp,110.81999969482422,1,,,,,,114.625,114.1500015258789,113.75,,,,112.44000244140625,110.83999633789062,110.83999633789062,109.4800033569336,,,,,,110.81999969482422,,,,,,,,,,,,,,,,,,,,,,,,,,,
MKL,Markel Group Inc.,1712.449951171875,2,1788.29,,,,1817.30,1809.6949462890625,1815.5699462890625,1805.8199462890625,,,,1802.9100341796875,,,,,,,,,,,,,,,,,,,,,,,,,,,,1727.72998046875,,,1712.449951171875,,,,,
MLCO,Melco Resorts & Entertainment Limited - American Depositary Shares,4.239999771118164,4,,,,,,,,5.170000076293945,,,,,,,,,,,,,,,,,,,,4.559999942779541,4.559999942779541,,,,,,,,,,,,,,,,,,4.190000057220459,4.239999771118164
MLI,"Mueller Industries, Inc.",61.51,0,,,,,,61.51,,,,,,,,,,,,,,,,,,,,,,,,,,,,,,,,,,,,,,,,,,
MOS,Mosaic Company (The),20.940000534057617,1,,,,,,,,,,,,,,,,,,,,,,,,,,,,,,,,,,,,,,,,,,,,,,,,20.940000534057617
MRSH,Marsh,176.83999633789062,1,,,,,,,,,,,,,,,,,,,,,,176.83999633789062,,,,,,,,,,,,,,,,,,,,,,,,,,
MSDL,Morgan Stanley Direct Lending Fund,13.479999542236328,4,,,,,,,,,,,,,,,,,,,,,14.770000457763672,,,,,,,,,,,,,,,14.329999923706055,,,,14.15999984741211,,,,,,,,13.479999542236328
MTG,MGIC Investment Corporation,26.950000762939453,5,,,,,,,,,,,,,,,,,,,,,,,,,,,,,,,,,,,,,,,,28.479999542236328,28.350000381469727,28.25,25.84000015258789,,,,26.950000762939453,
MWA,MUELLER WATER PRODUCTS,21.469999313354492,3,,,,,,,,,,,,,,,,,,,,,,,,,,,,,,,,,,21.90999984741211,21.90999984741211,,,,,,,21.469999313354492,,,,,,
NBHC,National Bank Holdings Corporation,37.790000915527344,5,,,,,,41.29,41.310001373291016,41.20000076293945,,,,,40.86000061035156,40.86000061035156,,,,,,,,,,,,,,,,,,,,,,,,,,,39.63999938964844,39.22999954223633,39.189998626708984,,,,38.060001373291016,37.790000915527344
NCLH,Norwegian Cruise Line Holdings Ltd. Ordinary Shares,14.180000305175781,10,,,,,,,,,,,,,,,,,,,15.569999694824219,15.569999694824219,15.390000343322754,14.850000381469727,,,,,,14.279999732971191,14.529999732971191,,,,14.119999885559082,14.239999771118164,14.220000267028809,14.180000305175781,,,,,,,,,,,,
NFG,National Fuel Gas Company,75.86000061035156,1,,,,,,,,,,,,,,,,,,,,,,,,,,,,,,,,,,,,,,,,,,,75.86000061035156,,,,,
NI,NiSource Inc,39.25,1,41.64,,,,40.83,41.005001068115234,41.130001068115234,40.959999084472656,,,,40.91999816894531,40.959999084472656,40.959999084472656,,,,,,,,,,,,,,,,,,,,,,39.25,,,,,,,,,,,,
NIO,"NIO Inc. American depositary shares, each  representing one Class A ordinary share",3.4200000762939453,12,,,,,,,,,,,,,,,,,,,3.799999952316284,3.799999952316284,3.7899999618530273,3.700000047683716,,,,,,3.5999999046325684,3.5799999237060547,,,,3.6600000858306885,,,,,,,3.5799999237060547,,3.4000000953674316,3.430000066757202,,,,3.369999885559082,3.4200000762939453
NJR,NewJersey Resources Corporation,50.400001525878906,2,,,,,,,,,,,,,,,,,,,,,,,,,,,,,,,,,,,,,,,,50.61000061035156,50.400001525878906,,,,,,,
NLY,Annaly Capital Management Inc.,18.420000076293945,12,,,,,,,,,,,,,,,,,,,,,,,,,,,,21.40999984741211,21.229999542236328,,,,21.049999237060547,21.309999465942383,21.309999465942383,21.040000915527344,,,,20.610000610351562,20.350000381469727,20.31999969482422,18.889999389648438,,,,18.5,18.420000076293945
NMIH,NMI Holdings Inc,38.83000183105469,5,,,,,,,,,,,,,,,,,,,,,,,,,,,,,,,,,,,,,,,,41.22999954223633,40.970001220703125,40.72999954223633,37.31999969482422,,,,38.83000183105469,
NOC,Northrop Grumman Corporation,483.1099853515625,5,,,,,,,,,,,,,,,,,,,514.97998046875,514.97998046875,,,,,,,,,,,,,,,,,,,,,,,483.4800109863281,,,,478.0,483.1099853515625
NRDS,"NerdWallet, Inc.",8.100000381469727,1,,,,,,,,,,,,,,,,,,,,,,,,,,,,,,,,,,,,8.100000381469727,,,,,,,,,,,,
NRG,"NRG Energy, Inc.",113.61,0,115.36,,,,111.78,113.61,,,,,,,,,,,,,,,,,,,,,,,,,,,,,,,,,,,,,,,,,,
NTB,Bank of N.T. Butterfield & Son Limited (The) Voting Ordinary Shares,58.38999938964844,0,,,,,,58.38999938964844,,,,,,,,,,,,,,,,,,,,,,,,,,,,,,,,,,,,,,,,,,
NTES,"NetEase, Inc. - American Depositary Shares",119.81,0,119.81,,,,,,,,,,,,,,,,,,,,,,,,,,,,,,,,,,,,,,,,,,,,,,,
NVST,Envista Holdings Corporation,23.43000030517578,2,,,,,,,,,,,,,,,,,,,,,,,,,,,,,,,,,,23.43000030517578,23.43000030517578,,,,,,,,,,,,,
OCFC,OceanFirst Financial Corp.,16.75,5,,,,,,,,,,,,,,,,,,,,,,,,,,,,,,,,,,17.56999969482422,17.56999969482422,,,,,17.100000381469727,16.719999313354492,,,,,,,16.75
OGE,OGE Energy Corp,45.94,0,,,,,,45.94,,,,,,,,,,,,,,,,,,,,,,,,,,,,,,,,,,,,,,,,,,
OGS,"ONE Gas, Inc.",71.87000274658203,5,,,,,,,,,,,,,,,,,,,,,,,,,,,,,,,,,,74.30999755859375,74.30999755859375,,,,,71.80000305175781,71.66000366210938,,71.87000274658203,,,,,
OKE,"ONEOK, Inc.",85.2699966430664,1,,,,,,,,,,,,,,,,,,,,,,,,,,,,,,,,,,,,,,,,,,,85.2699966430664,,,,,
OMCL,"Omnicell, Inc.",33.40999984741211,0,35.50,,,,34.66,33.6150016784668,33.45000076293945,33.40999984741211,,,,,,,,,,,,,,,,,,,,,,,,,,,,,,,,,,,,,,,,
OPLN,"OPENLANE, Inc.",34.42499923706055,0,34.19,,,,34.05,34.42499923706055,,,,,,,,,,,,,,,,,,,,,,,,,,,,,,,,,,,,,,,,,,
ORN,"Orion Group Holdings, Inc. Common",9.329999923706055,0,9.18,,,,9.10,9.289999961853027,9.329999923706055,,,,,,,,,,,,,,,,,,,,,,,,,,,,,,,,,,,,,,,,,
OSW,OneSpaWorld Holdings Limited - Common Shares,21.690000534057617,6,,,,,,,,,,,,,22.239999771118164,22.239999771118164,21.899999618530273,,,,22.399999618530273,22.399999618530273,22.1200008392334,22.389999389648438,,,,,,21.700000762939453,21.690000534057617,,,,,,,,,,,,,,,,,,,
PAG,"Penske Automotive Group, Inc.",199.00999450683594,3,,,,,,,,,,,,,,,,,,,,,,,,,,,,,,,,,,,,,,,,,,201.77999877929688,200.33999633789062,,,,,199.00999450683594
PATK,"Patrick Industries, Inc.",66.63999938964844,7,,,,,,,,,,,,,,,,,,,,,,,,,,,,70.80000305175781,70.41000366210938,,,,68.70999908447266,69.11000061035156,69.11000061035156,,,,,,,,,,,,67.16000366210938,66.63999938964844
PB,"Prosperity Bancshares, Inc.",66.20999908447266,5,,,,,,,,,,,,,,,,,,,,,,,,,,,,,,,,,,,,67.2699966430664,,,,67.7699966430664,67.31999969482422,66.91000366210938,66.20999908447266,,,,,
PDD,PDD Holdings Inc. - American Depositary Shares,78.61000061035156,4,,,,,,,,,,,,,,,,,,,82.20999908447266,82.20999908447266,79.75,78.61000061035156,,,,,,,,,,,,,,,,,,,,,,,,,,
PEG,Public Service Enterprise Group Incorporated,67.68000030517578,9,74.62,,,,73.53,73.28,74.02999877929688,73.33000183105469,,,,,,,,,,,,,,,,,,,,70.41999816894531,70.38999938964844,,,,69.7699966430664,69.30999755859375,69.30999755859375,67.30999755859375,,,,67.0199966430664,66.7300033569336,67.68000030517578,,,,,,
PFS,"Provident Financial Services, Inc",22.420000076293945,1,,,,,,,,,,,,,,,,,,,,,,,,,,,,,,,,,,,,22.420000076293945,,,,,,,,,,,,
PHIN,PHINIA Inc.,60.38999938964844,7,,,,,,69.4749984741211,70.04000091552734,68.06999969482422,,,,,66.81999969482422,66.81999969482422,67.81999969482422,,,,,,,66.69000244140625,,,,,,61.5,61.150001525878906,,,,61.41999816894531,60.34000015258789,60.34000015258789,60.38999938964844,,,,,,,,,,,,
PIPR,Piper Sandler Companies,65.36000061035156,2,,,,,,,,,,,,,,,,,,,,,,,,,,,,,,,,,,,,,,,,,,64.72000122070312,,,,,65.36000061035156,
PNFP,"Pinnacle Financial Partners, Inc.",97.02999877929688,0,,,,,,,,,,,,,97.02999877929688,97.02999877929688,,,,,,,,,,,,,,,,,,,,,,,,,,,,,,,,,,
PPG,"PPG Industries, Inc.",104.88999938964844,1,,,,,,,,,,,,,,,,,,,,,,,,,,,,104.88999938964844,,,,,,,,,,,,,,,,,,,,
PRDO,Perdoceo Education Corporation,30.110000610351562,1,,,,,,,,,,,,,,,,,,,,,,,,,,,,,,,,,,,,,,,,,,30.110000610351562,,,,,,
PRI,"Primerica, Inc.",274.7099914550781,1,297.86,,,,,,,291.44000244140625,,,,287.6499938964844,,,,,,,,,,,,,,,,,,,,,,,,274.7099914550781,,,,,,,,,,,,
PRIM,Primoris Services Corporation,74.80,0,,,,,,74.80,,,,,,,,,,,,,,,,,,,,,,,,,,,,,,,,,,,,,,,,,,
PRMB,Primo Brands Corporation,19.049999237060547,3,,,,,,,,,,,,,,,,,,,,,,,,,,,,,,,,,,,,19.75,,,,,,19.25,19.049999237060547,,,,,
PSEC,Prospect Capital Corporation - Closed End Fund,1.8300000429153442,1,,,,,,,,,,,,,,,,,,,,,,,,,,,,,,,,,,,,,,,,,,,,,,,,1.8300000429153442
PYPL,"PayPal Holdings, Inc.",52.400001525878906,0,,,,,,,,,,,,52.665000915527344,52.400001525878906,52.400001525878906,,,,,,,,,,,,,,,,,,,,,,,,,,,,,,,,,,
QFIN,"Qfin Holdings, Inc.  - American Depositary Shares",6.554999828338623,14,11.45,,,,10.99,9.34000015258789,9.350000381469727,9.170000076293945,,,,8.65999984741211,8.380000114440918,8.380000114440918,8.550000190734863,,,,9.0600004196167,9.0600004196167,8.84000015258789,,,,,,,8.050000190734863,8.180000305175781,,,,8.09000015258789,7.929999828338623,7.929999828338623,7.610000133514404,,,,,7.050000190734863,6.760000228881836,6.699999809265137,,,,6.460000038146973,6.554999828338623
QNST,"QuinStreet, Inc.",14.4399995803833,2,,,,,,,,,,,,,,,,,,,,,,,,,,,,,,,,,,,,,,,,14.40999984741211,,14.4399995803833,,,,,,
R,"Ryder System, Inc.",230.8699951171875,1,247.85,,,,244.93,246.18,,,,,,244.4600067138672,,,243.1300048828125,,,,,,,,,,,,,,,,,,,,,,,,,,,230.8699951171875,,,,,,
RDN,Radian Group Inc.,30.610000610351562,4,,,,,,,,,,,,,,,,,,,,,,,,,,,,,,,,,,,,,,,,33.02000045776367,33.0,32.75,30.610000610351562,,,,,
RJF,"Raymond James Financial, Inc.",158.22999572753906,2,,,,,,,,,,,,,,,,,,,,,,,,,,,,164.57000732421875,,,,,,,,158.22999572753906,,,,,,,,,,,,
RLI,RLI Corp. Common Stock (DE),55.310001373291016,4,,,,,,,,,,,,,,,,,,,,,,,,,,,,,,,,,,,,56.849998474121094,,,,55.689998626708984,55.97999954223633,,55.310001373291016,,,,,
RLJ,RLJ Lodging Trust Common Shares of Beneficial Interest $0.01 par value,10.6899995803833,1,,,,,,,,,,,,,,,,,,,,,10.6899995803833,,,,,,,,,,,,,,,,,,,,,,,,,,,
RNST,Renasant Corporation,39.93000030517578,0,,,,,41.42,41.08000183105469,41.040000915527344,41.27000045776367,,,,,39.93000030517578,39.93000030517578,,,,,,,,,,,,,,,,,,,,,,,,,,,,,,,,,,
ROP,"Roper Technologies, Inc.",349.4100036621094,4,,,,,,,,,,,,,,,,,,,,,,,,,,,,,,,,,,365.3999938964844,,,,,,,354.0,349.45001220703125,349.4100036621094,,,,,
RRX,Regal Rexnord Corporation,157.00999450683594,0,165.85,,,,162.72,165.0749969482422,165.27000427246094,163.9199981689453,,,,158.4499969482422,157.00999450683594,157.00999450683594,,,,,,,,,,,,,,,,,,,,,,,,,,,,,,,,,,
RXO,"RXO, Inc.",19.790000915527344,0,,,,,,,,,,,,,,,19.790000915527344,,,,,,,,,,,,,,,,,,,,,,,,,,,,,,,,,
SARO,"StandardAero, Inc.",21.040000915527344,4,25.23,,,,24.57,25.170000076293945,25.170000076293945,25.079999923706055,,,,24.489999771118164,24.209999084472656,24.209999084472656,24.06999969482422,,,,,,,,,,,,,,23.1299991607666,,,,22.299999237060547,,,,,,,,,,,,,,21.049999237060547,21.040000915527344
SCHL,Scholastic Corporation,32.349998474121094,10,,,,,,,,39.11000061035156,,,,38.400001525878906,,,38.38999938964844,,,,35.65999984741211,35.65999984741211,36.29999923706055,35.58000183105469,,,,,,35.0099983215332,35.0099983215332,,,,34.75,34.90999984741211,34.90999984741211,,,,,32.349998474121094,,,,,,,,
SEB,Seaboard Corporation,3910.25,0,,,,,,4035.429931640625,4026.77001953125,3949.85009765625,,,,3910.25,,,,,,,,,,,,,,,,,,,,,,,,,,,,,,,,,,,,
SEDG,"SolarEdge Technologies, Inc.",29.88,0,,,,,30.09,29.88,,,,,,,,,,,,,,,,,,,,,,,,,,,,,,,,,,,,,,,,,,
SFBS,"ServisFirst Bancshares, Inc.",41.529998779296875,0,,,,,,,,,,,,,41.529998779296875,41.529998779296875,,,,,,,,,,,,,,,,,,,,,,,,,,,,,,,,,,
SFD,"Smithfield Foods, Inc.",18.729999542236328,16,22.28,,,,22.31,22.06999969482422,22.059999465942383,22.110000610351562,,,,21.90999984741211,21.84000015258789,21.84000015258789,,,,,21.969999313354492,21.969999313354492,22.010000228881836,20.520000457763672,,,,,,20.079999923706055,19.950000762939453,,,,19.81999969482422,19.860000610351562,19.860000610351562,18.93000030517578,,,,19.040000915527344,19.139999389648438,19.010000228881836,18.719999313354492,,,,18.860000610351562,18.729999542236328
SFM,"Sprouts Farmers Market, Inc.",63.45000076293945,3,,,,,,,,,,,,,,,,,,,,,,73.11000061035156,,,,,,,,,,,,,,,,,,62.4900016784668,63.45000076293945,,,,,,,
SIG,Signet Jewelers Limited Common Shares,81.83999633789062,0,81.02,,,,,,,81.83999633789062,,,,,,,,,,,,,,,,,,,,,,,,,,,,,,,,,,,,,,,,
SIGI,"Selective Insurance Group, Inc.",85.08000183105469,2,,,,,,,,,,,,,,,,,,,,,,,,,,,,,,,,,86.69999694824219,,,,,,,,85.08000183105469,,,,,,,
SLGN,Silgan Holdings Inc.,35.209999084472656,11,,,,,,,,,,,,,,,,,,,,,39.310001373291016,38.349998474121094,,,,,,,,,,,37.189998626708984,37.09000015258789,37.09000015258789,37.150001525878906,,,,35.90999984741211,35.95000076293945,35.09000015258789,,,,,34.869998931884766,35.209999084472656
SMG,Scotts Miracle-Gro Company (The),49.02000045776367,9,,,,,,,,,,,,,,,,,,,,,57.529998779296875,,,,,,,54.790000915527344,54.790000915527344,,,,52.36000061035156,51.41999816894531,51.41999816894531,,,,,50.88999938964844,48.439998626708984,,,,,,49.02000045776367,
SOBO,South Bow Corporation Common Shares,33.130001068115234,4,,,,,,,,,,,,,,,,,,,,,,,,,,,,,,,,,,,,,,,,33.9900016784668,34.0099983215332,33.2599983215332,33.130001068115234,,,,,
SON,Sonoco Products Company,48.40999984741211,6,,,,,,,,,,,,,,,,,,,51.95000076293945,51.95000076293945,49.869998931884766,48.38999938964844,,,,,,48.40999984741211,48.40999984741211,,,,,,,,,,,,,,,,,,,
SPFI,"South Plains Financial, Inc.",41.72999954223633,1,,,,,,,,,,,,,,,,,,,,,,,,,,,,,,,,,,,,,,,,,,,41.72999954223633,,,,,
SSYS,"Stratasys, Ltd.",7.65,0,,,,,7.65,,,,,,,,,,,,,,,,,,,,,,,,,,,,,,,,,,,,,,,,,,,
STC,Stewart Information Services Corporation,51.54999923706055,8,,,,,,,,,,,,,,,,,,,,,,,,,,,,,,,,,,62.869998931884766,62.869998931884766,61.97999954223633,,,,59.189998626708984,57.540000915527344,56.7599983215332,49.709999084472656,,,,51.54999923706055,
STM,STMicroelectronics N.V.,49.65999984741211,0,,,,,,,49.65999984741211,,,,,,,,,,,,,,,,,,,,,,,,,,,,,,,,,,,,,,,,,
STWD,"STARWOOD PROPERTY TRUST, INC. Starwood Property Trust Inc.",12.930000305175781,10,,,,,,,,,,,,15.699999809265137,15.529999732971191,15.529999732971191,,,,,,,,,,,,,,14.979999542236328,14.979999542236328,,,,14.9399995803833,,,14.699999809265137,,,,14.359999656677246,14.319999694824219,14.359999656677246,13.5,,,,13.050000190734863,12.930000305175781
SWBI,"Smith & Wesson Brands, Inc.",12.890000343322754,2,,,,,13.65,13.479999542236328,13.369999885559082,13.069999694824219,,,,12.720000267028809,12.770000457763672,12.770000457763672,12.779999732971191,,,,12.890000343322754,12.890000343322754,,,,,,,,,,,,,,,,,,,,,,,,,,,,
TBBK,"The Bancorp, Inc.",48.439998626708984,10,,,,,,,,,,,,,,,,,,,,,,,,,,,,50.72999954223633,50.72999954223633,,,,50.22999954223633,50.279998779296875,50.279998779296875,49.540000915527344,,,,,49.15999984741211,48.560001373291016,,,,,48.810001373291016,48.439998626708984
TCBK,TriCo Bancshares,52.70000076293945,0,,,,,54.52,54.09000015258789,54.150001525878906,53.869998931884766,,,,53.380001068115234,52.70000076293945,52.70000076293945,,,,,,,,,,,,,,,,,,,,,,,,,,,,,,,,,,
TCMD,"Tactile Systems Technology, Inc.",22.020000457763672,4,23.43,,,,,23.3799991607666,23.510000228881836,23.110000610351562,,,,,22.25,22.25,22.40999984741211,,,,21.8700008392334,21.8700008392334,21.729999542236328,22.020000457763672,,,,,,,,,,,,,,,,,,,,,,,,,,
TCOM,Trip.com Group Limited - American Depositary Shares,38.2599983215332,6,,,,,,,,,,,,,,,,,,,41.029998779296875,41.029998779296875,40.5,39.189998626708984,,,,,,,,,,,,,,,,,,,,,,,,,38.09000015258789,38.2599983215332
TDAY,"USA TODAY Co., Inc.",6.329999923706055,2,6.52,,,,6.41,6.465000152587891,6.400000095367432,6.400000095367432,,,,6.289999961853027,6.179999828338623,6.179999828338623,6.300000190734863,,,,6.329999923706055,6.329999923706055,,,,,,,,,,,,,,,,,,,,,,,,,,,,
TDOC,"Teladoc Health, Inc.",6.099999904632568,1,,,,,,6.335000038146973,6.329999923706055,,,,,,,,,,,,,,,6.099999904632568,,,,,,,,,,,,,,,,,,,,,,,,,,
TFC,Truist Financial Corporation,46.25,2,,,,,,,,,,,,,,,,,,,,,,,,,,,,,,,,,,,,,,,,,,46.439998626708984,,,,,,46.25
TFIN,"Triumph Financial, Inc.",59.9900016784668,11,,,,,,,,,,,,,,,68.94000244140625,,,,69.5999984741211,69.5999984741211,68.83000183105469,66.20999908447266,,,,,,64.69999694824219,63.65999984741211,,,,,62.369998931884766,62.369998931884766,61.369998931884766,,,,,,60.130001068115234,59.9900016784668,,,,,
THFF,First Financial Corporation,74.5,1,,,,,,,,,,,,,,,,,,,,,,,,,,,,,,,,,,,,74.5,,,,,,,,,,,,
TRIP,"TripAdvisor, Inc.",8.800000190734863,7,10.03,,,,10.19,10.010000228881836,9.869999885559082,9.789999961853027,,,,9.520000457763672,9.460000038146973,9.460000038146973,9.609999656677246,,,,9.329999923706055,9.329999923706055,9.09000015258789,8.819999694824219,,,,,,,,,,,8.84000015258789,8.800000190734863,8.800000190734863,,,,,,,,,,,,,
TRMK,Trustmark Corporation,45.18000030517578,0,,,,,,,,,,,,,45.18000030517578,,,,,,,,,,,,,,,,,,,,,,,,,,,,,,,,,,,
TRP,TC Energy Corporation,62.04999923706055,0,,,,,62.06,62.834999084472656,62.86000061035156,62.04999923706055,,,,,,,,,,,,,,,,,,,,,,,,,,,,,,,,,,,,,,,,
TRTX,"TPG RE Finance Trust, Inc.",6.019999980926514,11,,,,,,7.755000114440918,7.710000038146973,7.739999771118164,,,,7.730000019073486,,,,,,,,,,,,,,,,7.329999923706055,7.320000171661377,,,,,7.210000038146973,7.210000038146973,6.820000171661377,,,,6.559999942779541,6.329999923706055,6.340000152587891,6.260000228881836,,,,6.139999866485596,6.019999980926514
TTAN,"ServiceTitan, Inc.",56.529998779296875,6,,,,,,,,,,,,,,,,,,,,,,57.119998931884766,,,,,,58.599998474121094,58.66999816894531,,,,55.040000915527344,56.529998779296875,56.529998779296875,,,,,,,,,,,,,
TXT,Textron Inc.,76.58999633789062,4,,,,,82.13,83.12999725341797,83.30999755859375,,,,,80.55999755859375,79.70999908447266,79.70999908447266,79.23999786376953,,,,79.06999969482422,79.06999969482422,79.54000091552734,,,,,,,,,,,,,,,,,,,76.58999633789062,,,,,,,,
UAL,"United Airlines Holdings, Inc.",104.62999725341797,0,111.71,,,,113.57,,,112.38999938964844,,,,107.98999786376953,104.62999725341797,104.62999725341797,,,,,,,,,,,,,,,,,,,,,,,,,,,,,,,,,,
UCB,"United Community Banks, Inc.",34.11000061035156,0,,,,,,,,,,,,,34.11000061035156,34.11000061035156,,,,,,,,,,,,,,,,,,,,,,,,,,,,,,,,,,
UMBF,UMB Financial Corporation,130.0800018310547,6,,,,,,,,,,,,,,,,,,,,,,,,,,,,134.1999969482422,134.1999969482422,,,,,133.52999877929688,133.52999877929688,,,,,,,,130.00999450683594,,,,,130.0800018310547
USB,U.S. Bancorp,57.290000915527344,1,61.78,,,,,,,,,,,,,,,,,,,,,,,,,,,,,,,,,,,,,,,,,,,,,,,57.290000915527344
USFD,US Foods Holding Corp.,93.33000183105469,5,,,,,,,,,,,,,,,,,,,,,,97.44999694824219,,,,,,92.01000213623047,92.51000213623047,,,,93.41999816894531,,,,,,,93.33000183105469,,,,,,,,
UTI,Universal Technical Institute Inc,18.670000076293945,7,22.92,,,,22.02,22.170000076293945,22.1200008392334,21.6200008392334,,,,21.1299991607666,20.850000381469727,20.850000381469727,20.920000076293945,,,,22.200000762939453,22.200000762939453,21.59000015258789,21.290000915527344,,,,,,,,,,,,,,,,,,,18.469999313354492,18.6299991607666,18.670000076293945,,,,,
VC,Visteon Corporation,86.68000030517578,6,,,,,,,,,,,,,,,,,,,,,,,,,,,,,,,,,94.61000061035156,91.88999938964844,91.88999938964844,,,,,,86.94999694824219,87.05999755859375,86.68000030517578,,,,,
VFC,V.F. Corporation,13.199999809265137,1,13.95,,,,,13.895000457763672,13.890000343322754,13.640000343322754,,,,13.4399995803833,13.09000015258789,13.09000015258789,13.220000267028809,,,,,,13.199999809265137,,,,,,,,,,,,,,,,,,,,,,,,,,,
VICI,VICI Properties Inc.,22.530000686645508,5,,,,,,,,25.770000457763672,,,,,,,,,,,,,,,,,,,,,24.530000686645508,,,,23.719999313354492,,,,,,,,,,22.969999313354492,,,,22.649999618530273,22.530000686645508
VNO,Vornado Realty Trust,34.68000030517578,2,,,,,,,,,,,,,,,,,,,,,35.2599983215332,34.68000030517578,,,,,,,,,,,,,,,,,,,,,,,,,,
VRRM,Verra Mobility Corporation,2.869999885559082,14,,,,,,,,,,,,,4.170000076293945,4.170000076293945,,,,,4.070000171661377,4.070000171661377,3.9100000858306885,3.7300000190734863,,,,,,3.5399999618530273,3.5399999618530273,,,,3.4800000190734863,3.5199999809265137,3.5199999809265137,3.380000114440918,,,,,2.990000009536743,,3.0999999046325684,,,,2.809999942779541,2.869999885559082
WAFD,"WaFd, Inc.",29.920000076293945,13,,,,,,,,,,,,35.7599983215332,35.380001068115234,35.380001068115234,,,,,,,34.279998779296875,33.849998474121094,,,,,,32.790000915527344,32.790000915527344,,,,32.38999938964844,32.290000915527344,32.290000915527344,30.700000762939453,,,,31.350000381469727,30.850000381469727,30.290000915527344,29.93000030517578,,,,,29.920000076293945
WB,Weibo Corporation - American Depositary Shares,6.329999923706055,10,7.19,,,,7.00,7.034999847412109,7.039999961853027,6.980000019073486,,,,6.829999923706055,6.800000190734863,6.800000190734863,6.769999980926514,,,,6.71999979019165,6.71999979019165,6.699999809265137,6.630000114440918,,,,,,6.610000133514404,6.5,,,,6.539999961853027,,,,,,,6.489999771118164,,6.420000076293945,,,,,6.329999923706055,
WGO,"Winnebago Industries, Inc.",24.950000762939453,2,,,,,,,,,,,,,,,,,,,,,,,,,,,,,,,,,26.43000030517578,,,,,,,,,,,,,,,24.950000762939453
WLDN,"Willdan Group, Inc.",73.54000091552734,1,,,,,,,,,,,,,,,,,,,,,,,,,,,,,,,,,,,,,,,,,,,,,,,73.54000091552734,
WLFC,Willis Lease Finance Corporation,54.900001525878906,0,54.18,,,,55.15,55.31999969482422,54.90999984741211,55.11000061035156,,,,54.130001068115234,54.02000045776367,54.02000045776367,54.900001525878906,,,,,,,,,,,,,,,,,,,,,,,,,,,,,,,,,
WMK,"Weis Markets, Inc.",70.18,0,70.18,,,,,,,,,,,,,,,,,,,,,,,,,,,,,,,,,,,,,,,,,,,,,,,
WRB,W.R. Berkley Corporation,68.33999633789062,0,69.18,,,,,68.77999877929688,68.66999816894531,68.33999633789062,,,,,,,,,,,,,,,,,,,,,,,,,,,,,,,,,,,,,,,,
WRLD,World Acceptance Corporation,171.08999633789062,2,,,,,,,,,,,,,,,,,,,,,,,,,,,,,,,,,,171.08999633789062,171.08999633789062,,,,,,,,,,,,,
WTFC,Wintrust Financial Corporation,141.82000732421875,2,152.61,,,,151.99,153.5800018310547,153.10000610351562,152.97999572753906,,,,150.36000061035156,148.74000549316406,148.74000549316406,,,,,,,,,,,,,,,,,,,,,,143.7100067138672,,,,,,,141.82000732421875,,,,,
WTM,"White Mountains Insurance Group, Ltd.",2052.47998046875,1,,,,,,,,,,,,,,,,,,,,,2052.47998046875,,,,,,,,,,,,,,,,,,,,,,,,,,,
WU,Western Union Company (The),5.900000095367432,5,,,,,,,,,,,,,,,,,,,,,,,,,,,,,,,,,6.179999828338623,6.199999809265137,6.199999809265137,6.090000152587891,,,,,,,5.900000095367432,,,,,
XHR,"Xenia Hotels & Resorts, Inc.",17.540000915527344,6,,,,,,,,,,,,,18.290000915527344,18.290000915527344,18.440000534057617,,,,17.969999313354492,17.969999313354492,17.700000762939453,17.639999389648438,,,,,,17.489999771118164,17.540000915527344,,,,,,,,,,,,,,,,,,,
XYL,Xylem Inc. Common Stock New,100.93000030517578,4,,,,,,112.81,113.41999816894531,112.6500015258789,,,,110.11000061035156,106.88999938964844,106.88999938964844,106.73999786376953,,,,105.69000244140625,105.69000244140625,,,,,,,,,,,,,,,,,,,,,100.91000366210938,100.93000030517578,,,,,,
YELP,Yelp Inc.,17.59000015258789,9,,,,,,,,,,,,,,,,,,,21.65999984741211,21.65999984741211,20.959999084472656,20.469999313354492,,,,,,,,,,,19.6299991607666,19.40999984741211,19.40999984741211,,,,,18.030000686645508,17.59000015258789,,,,,,,
YETI,"YETI Holdings, Inc.",40.5099983215332,4,,,,,,,,,,,,41.04999923706055,40.15999984741211,40.15999984741211,41.45000076293945,,,,40.81999969482422,40.81999969482422,40.7400016784668,40.5099983215332,,,,,,,,,,,,,,,,,,,,,,,,,,
YSS,York Space Systems Inc.,7.769999980926514,5,9.20,,,,9.76,9.170000076293945,9.130000114440918,9.1899995803833,,,,9.09000015258789,8.819999694824219,8.819999694824219,8.670000076293945,,,,8.960000038146973,8.960000038146973,8.930000305175781,8.069999694824219,,,,,,7.769999980926514,,,,,,,,,,,,,,,,,,,,
YUMC,"Yum China Holdings, Inc.",40.25,9,,,,,,,,44.90999984741211,,,,,,,,,,,,,43.34000015258789,42.58000183105469,,,,,,41.689998626708984,41.36000061035156,,,,41.119998931884766,,,40.849998474121094,,,,40.470001220703125,,,,,,,39.97999954223633,40.25
ZION,Zions Bancorporation N.A.,62.650001525878906,1,,,,,,,,,,,,,,,,,,,,,,,,,,,,,,,,,,,,62.650001525878906,,,,,,,,,,,,
ZTO,"ZTO Express (Cayman) Inc. American Depositary Shares, each representing one Class A ordinary share.",19.450000762939453,8,,,,,,21.309999465942383,21.31999969482422,21.190000534057617,,,,21.170000076293945,21.059999465942383,21.059999465942383,20.959999084472656,,,,20.950000762939453,20.950000762939453,20.84000015258789,20.719999313354492,,,,,,20.420000076293945,20.209999084472656,,,,,19.450000762939453,19.450000762939453,,,,,,,,,,,,,
